S/N,STATE,Q2_2021, Q3_2021 , Q4_2021 , Q1_2022 , Q2_2022 , Q3_2022 , Q4_2022 , Q1_2023 , Q2_2023 , Q3_2023 , Q4_2023 , Q3_2023 , Q2_2024 
1,ABIA,69.82, 89.30 , 95.21 , 91.43 , 107.62 , 104.57 , 103.71 ,99.54, 142.47 , 138.78 , 138.64 , 113.71 , 97.24 
2,ADAMAWA,90.37, 96.03 , 99.55 , 117.07 , 120.60 , 122.48 , 124.00 , 130.98 , 127.75 , 122.60 , 138.26 , 103.56 , 102.99 
3,AKWA IBOM,242.27, 234.85 , 214.61 , 203.11 , 203.95 , 219.62 , 219.27 , 206.64 , 199.58 , 193.45 , 190.48 , 142.93 , 132.87 
4,ANAMBRA,55.01, 54.64 , 55.72 , 58.28 , 72.43 , 75.70 , 77.49 , 77.09 , 76.40 , 73.72 , 74.20 , 34.43 , 30.86 
5,BAUCHI,98.11, 96.95 , 97.51 , 128.84 , 129.25 , 144.28 , 143.64 , 144.54 , 147.36 , 162.49 , 160.81 , 108.39 , 147.23 
6,BAYELSA,150.61, 145.80 , 154.61 , 151.41 , 150.43 , 151.16 , 146.37 , 140.03 , 134.51 , 129.33 , 151.16 , 103.23 , 97.53 
7,BENUE,126.93, 128.35 , 128.35 , 140.68 , 143.55 , 143.37 , 141.29 , 141.29 , 186.94 , 187.18 , 187.18 , 116.73 , 116.88 
8,BORNO,84.31, 103.93 , 95.63 , 110.82 , 102.50 , 96.33 , 96.14 , 94.83 , 93.39 , 102.04 , 98.77 , 36.89 , 34.40 
9,CROSS RIVER,161.55, 160.69 , 159.82 , 158.93 , 176.09 , 175.20 , 197.21 , 196.27 , 204.05 , 212.04 , 220.20 , 156.17 , 155.49 
10,DELTA,205.92, 207.16 , 154.61 , 163.48 , 378.88 , 272.61 , 304.25 , 421.78 , 465.40 , 371.49 , 373.41 , 334.90 , 304.54 
11,EBONYI,43.39, 42.88 , 42.16 , 41.63 , 59.11 , 67.06 , 76.50 , 75.84 , 76.14 , 73.60 , 70.44 , 22.22 , 20.11 
12,EDO,78.49, 80.22 , 78.90 , 112.25 , 112.12 , 110.99 , 110.59 , 126.44 , 126.08 , 126.26 , 123.88 , 72.38 , 70.11 
13,EKITI,85.34, 98.58 , 106.39 , 103.27 , 119.54 , 118.45 , 117.15 , 114.25 , 114.29 , 112.40 , 110.57 , 57.90 , 59.69 
14,ENUGU,68.72, 69.17 , 69.17 , 74.86 , 89.89 , 89.89 , 91.86 , 92.69 , 93.20 , 92.21 , 92.21 , 82.48 , 96.98 
15,GOMBE,82.28, 82.29 , 69.13 , 108.36 , 123.61 , 139.10 , 139.32 , 134.89 , 134.64 , 135.68 , 88.97 , 70.81 , 99.41 
16,IMO,149.51, 151.31 , 205.19 , 204.61 , 210.39 , 207.52 , 204.22 , 202.55 , 220.84 , 218.90 , 217.11 , 163.06 , 159.19 
17,JIGAWA,32.6, 32.95 , 31.36 , 42.73 , 45.14 , 44.41 , 43.95 , 43.59 , 43.13 , 42.89 , 42.76 , 2.07 , 1.82 
18,KADUNA,66.75, 62.46 , 61.71 , 72.40 , 78.19 , 86.86 , 83.29 , 80.61 , 87.28 , 86.59 , 85.52 , 29.38 , 28.60 
19,KANO,127.65, 102.35 , 111.90 , 127.85 , 125.19 , 125.19 , 122.36 , 122.36 , 122.36 , 122.36 , 122.36 , 64.97 , 63.06 
20,KATSINA,55.34, 59.84 , 66.68 , 66.68 , 66.68 , 62.37 , 62.37 , 62.37 , 62.37 , 99.31 , 99.31 , 38.06 , 33.73 
21,KEBBI,52.93, 52.97 , 52.33 , 63.47 , 60.42 , 60.13 , 61.31 , 60.94 , 60.94 , 60.88 , 60.69 , 17.06 , 15.46 
22,KOGI,68.95, 68.16 , 70.66 , 91.32 , 90.54 , 90.16 , 93.62 , 91.46 , 93.67 , 92.32 , 121.81 , 38.55 , 44.05 
23,KWARA,63.66, 67.06 , 93.37 , 104.65 , 110.51 , 109.55 , 109.38 , 108.33 , 107.58 , 106.96 , 109.16 , 59.07 , 59.05 
24,LAGOS,533.81, 532.12 , 658.96 , 780.48 , 797.31 , 877.04 , 807.21 , 812.38 , 996.44 , 960.50 ," 1,048.70 ", 929.41 , 885.99 
25,NASARAWA,56.25, 55.92 , 54.10 , 57.14 , 72.97 , 72.63 , 71.44 , 71.45 , 71.11 , 71.30 , 71.15 , 23.76 , 23.94 
26,NIGER,79.25, 77.41 , 83.40 , 94.04 , 80.92 , 98.26 , 95.59 , 121.42 , 121.95 , 120.19 , 139.80 , 86.07 , 146.29 
27,OGUN,155.57, 192.42 , 232.62 , 241.98 , 241.78 , 241.78 , 270.45 , 293.20 , 293.20 , 293.20 , 278.68 , 221.22 , 211.13 
28,ONDO,70.96, 65.42 , 63.81 , 62.32 , 62.27 , 78.82 , 77.15 , 75.51 , 74.03 , 72.75 , 71.50 , 16.40 , 15.10 
29,OSUN,133.36, 132.64 , 134.70 , 133.63 , 150.53 , 149.41 , 148.37 , 147.05 , 145.71 , 145.27 , 144.60 , 87.01 , 86.06 
30,OYO,91.98, 93.26 , 142.56 , 141.19 , 159.91 , 160.07 , 161.18 , 161.73 , 162.40 , 161.77 , 159.94 , 98.78 , 96.89 
31,PLATEAU,132.47, 145.86 , 150.50 , 152.09 , 144.61 , 151.90 , 149.01 , 148.12 , 157.62 , 169.48 , 173.93 , 107.36 , 101.20 
32,RIVERS,213.17, 226.35 , 225.51 , 225.51 , 225.51 , 225.51 , 225.51 , 225.51 , 225.51 , 232.58 , 232.58 , 232.58 , 389.20 
33,SOKOTO,80.81, 75.24 , 71.29 , 64.06 , 89.92 , 85.58 , 90.60 , 93.71 , 91.68 , 91.38 , 89.22 , 55.12 , 61.87 
34,TARABA,99.89, 95.15 , 93.18 , 90.35 , 90.81 , 90.81 , 87.96 , 87.96 , 83.13 , 82.11 , 81.33 , 32.64 , 84.72 
35,YOBE,60.23, 61.45 , 82.46 , 88.15 , 96.62 , 92.86 , 90.78 , 88.81 , 91.45 , 91.79 , 91.42 , 49.62 , 46.25 
36,ZAMFARA,101.36, 100.72 , 99.94 , 122.64 , 115.74 , 109.69 , 112.20 , 98.05 , 96.31 , 96.77 , 110.57 , 65.24 , 62.56 
37,FCT,52.71, 56.85 , 50.65 , 51.15 , 75.78 , 112.49 , 81.02 , 84.77 , 84.77 , 88.51 , 91.52 , 94.01 , 84.64 
,Total,4122.32," 4,198.78 "," 4,458.24 "," 4,842.84 "," 5,281.28 "," 5,363.85 "," 5,337.75 "," 5,478.99 "," 5,815.68 "," 5,741.04 "," 5,862.85 "," 4,068.16 "," 4,267.12 "
,,,,,,,,,,,,,,
,,,,,,,,,,,,,,
,,,,,,,,,,,,,,
,,,,,,,,,,,,,,
,,,,,,,,,,,,,,
,,,,,,,,,,,,,,
,,,,,,,,,,,,,,
,,,,,,,,,,,,,,
,,,,,,,,,,,,,,
,,,,,,,,,,,,,,
,,,,,,,,,,,,,,
