S/No,States and FGN,Total_Q2_2021,Total_Q4_2021,Total_Q2_2022, Total_Q4_2022 ,Total_Q2_2023,Total_Q4_2023,Total_Q2_2024
1,Abia,"99,748,485.24","101,132,954.37","95,632,239.04","94,279,804.06","92,328,683.83","89,053,939.30","97,283,771.77"
2,Adamawa,"116,582,001.28","80,228,066.38","77,006,645.47","104,604,525.81","100,919,509.51","103,196,881.89","101,657,838.67"
3,Akwa Ibom,"48,722,864.72","46,031,858.21","46,569,647.22","44,846,320.30","43,543,332.92","42,611,400.30","37,300,755.60"
4,Anambra,"111,483,762.38","110,269,840.49","108,187,873.47","103,824,427.39","105,584,754.19","107,242,746.92","106,607,990.60"
5,Bauchi,"133,692,732.19","134,455,238.40","172,762,304.16","165,779,487.95","170,438,576.39","187,634,642.09","185,276,738.59"
6,Bayelsa,"63,123,894.55","62,124,800.66","60,897,798.75","60,394,724.44","59,799,420.09","59,341,824.19","54,947,199.35"
7,Benue,"32,961,337.72","32,004,644.69","30,472,977.14","29,938,978.80","29,295,245.64","29,871,346.98","26,479,709.70"
8,Borno,"16,704,608.38","19,845,873.22","18,695,183.75","18,101,408.65","18,750,661.03","20,487,776.55","48,535,614.97"
9,Cross River,"184,600,602.86","279,711,287.65","215,754,975.33","209,525,677.85","153,168,738.50","211,125,104.40","210,981,210.33"
10,Delta,"62,206,448.27","61,412,768.79","60,046,972.41","59,871,451.27","59,531,861.99","59,271,705.30","58,132,883.95"
11,Ebonyi,"65,359,729.91","63,468,402.18","59,841,539.37","58,572,170.14","57,364,087.67","94,905,779.94","92,655,060.61"
12,Edo,"281,472,300.55","276,295,191.95","268,314,205.93","261,153,246.26","258,400,877.66","314,448,148.13","380,965,971.95"
13,Ekiti,"102,303,369.29","120,603,760.16","115,723,003.38","105,588,932.98","103,479,209.05","121,049,293.97","136,638,699.49"
14,Enugu,"124,228,976.14","129,193,969.00","123,024,888.67","120,855,747.39","120,667,083.51","120,451,145.25","80,909,821.19"
15,Gombe,"33,212,582.79","35,140,105.02","46,933,371.29","32,482,206.51","36,707,509.83","54,881,154.07","35,402,847.61"
16,Imo,"96,977,410.25","83,652,334.49","51,872,636.12","51,094,668.50","77,813,615.31","77,371,356.47","74,550,112.41"
17,Jigawa,"30,533,915.17","29,456,929.24","27,611,046.36","26,987,918.67","26,258,560.57","25,795,436.01","25,113,874.41"
18,Kaduna,"559,504,330.26","595,122,867.84","586,776,219.18","573,743,456.66","569,376,406.87","587,072,213.55","640,993,101.95"
19,Kano,"67,678,607.45","114,236,292.27","109,422,176.85","100,666,105.82","101,319,905.96","107,920,953.84","123,393,914.59"
20,Katsina,"55,354,184.75","60,007,294.84","55,824,330.35","53,915,636.07","50,699,671.36","50,310,685.90","112,982,191.38"
21,Kebbi,"43,259,581.77","45,502,202.91","42,403,327.93","40,931,744.98","40,891,524.34","40,295,693.43","57,275,719.85"
22,Kogi,"29,536,850.65","55,987,205.25","54,829,393.99","52,797,055.36","54,339,811.55","51,174,954.62","59,536,834.59"
23,Kwara,"46,548,574.51","48,868,548.63","45,936,826.97","44,866,579.57","43,058,805.95","44,562,401.68","48,503,690.05"
24,Lagos,"1,381,485,016.30","1,333,523,000.72","1,274,924,593.80","1,250,061,511.83","1,263,205,537.01","1,243,798,891.10","1,201,000,716.99"
25,Nassarawa,"58,478,152.18","56,876,073.68","53,718,866.76","52,998,091.94","52,330,117.84","51,888,170.46","52,357,123.04"
26,Niger,"70,379,252.71","72,611,596.25","69,266,186.30","69,230,447.29","66,791,105.75","68,056,534.55","75,663,838.25"
27,Ogun,"103,651,829.50","120,292,486.65","122,731,397.96","136,259,743.02","111,620,782.55","168,833,006.66","166,635,510.65"
28,Ondo,"85,950,561.06","87,671,377.95","93,108,997.75","90,682,501.23","80,842,932.82","80,206,477.16","76,457,883.98"
29,Osun,"95,503,454.99","99,979,102.57","86,225,697.56","91,779,393.97","89,690,602.27","87,247,488.51","78,166,709.35"
30,Oyo,"87,734,392.65","85,267,618.51","76,969,508.51","72,236,123.44","63,986,795.70","63,830,584.72","57,904,666.98"
31,Plateau,"32,760,937.03","35,682,283.68","33,735,927.81","32,399,275.34","31,418,228.18","32,249,236.27","33,766,067.28"
32,Rivers,"86,368,605.54","147,779,956.85","140,177,828.95","87,134,070.90","83,954,909.86","80,940,554.32","203,805,099.79"
33,Sokoto,"37,155,891.27","39,721,872.70","37,127,361.58","36,557,770.64","35,972,909.57","36,472,381.40","52,110,266.64"
34,Taraba,"20,596,493.94","23,544,189.83","22,280,666.87","46,470,133.79","21,918,173.26","23,427,411.75","31,458,210.72"
35,Yobe,"25,819,476.85","24,757,878.32","23,092,303.10","22,514,198.36","21,969,446.50","21,488,967.49","20,493,495.78"
36,Zamfara,"32,017,205.80","31,003,814.54","29,328,442.10","28,861,053.20","28,395,635.03","29,051,198.79","27,521,945.90"
37,FCT,"29,455,126.36","27,770,992.98","25,378,414.48","24,361,837.47","23,372,946.50","22,490,892.52","20,845,463.43"
,Sub-Total  State & FCT,"4,553,153,547.26","4,771,234,681.89","4,562,605,776.64","4,456,368,427.85","4,349,207,976.55","4,610,058,380.47","4,894,312,552.37"
FGN,,"28,915,773,673.74","33,620,096,360.41","35,502,172,789.69","37,238,553,444.58","38,809,982,199.55","37,885,104,727.23","38,006,703,424.63"
Grand Total ,,"33,468,927,221.00","38,391,331,042.30","40,064,778,566.33",4169492187243%,"43,159,190,176.10","42,495,163,107.70","42,901,015,977.00"
,Arrears owed by States,,,,11%,0.100771306,0.108484308,
,Total States without Arrears,,,,89%,0.899228694,0.891515692,
Percentage of States &FCT to Grand Total ,,14%,12%,11%,11%,10%,11%,11%
Percentage of FGN to Grand Total ,,86%,88%,89%,89%,89%,89%,89%
