Table 1 Composite Consumer Price Index (Base September 1985 = 100),,,
Year,Month,YoY_Change_Pct,Food_YoY_Pct
Weights,,,
1995,Jan,,
,Feb,,
,Mar,,
,Apr,,
,May,,
,Jun,,
,Jul,,
,Aug,,
,Sep,,
,Oct,,
,Nov,,
,Dec,,
1996,Jan,48,38.4
,Feb,44,37.3
,Mar,42,35
,Apr,32,28.4
,May,31,27.9
,Jun,29,24.2
,Jul,30,23.1
,Aug,27,20.9
,Sep,24,19.4
,Oct,25,16.1
,Nov,21,14.3
,Dec,14,12.9
1997,Jan,14,11.4
,Feb,13,8.8
,Mar,14,10
,Apr,17,8.6
,May,13,7.4
,Jun,12,8.2
,Jul,8,6.2
,Aug,8,5.5
,Sep,7,5.2
,Oct,6,6.5
,Nov,8,6.8
,Dec,10,6.3
1998,Jan,9,7.4
,Feb,8,7.1
,Mar,7,3.6
,Apr,5,4
,May,4,4.2
,Jun,6,4.5
,Jul,9,2.7
,Aug,7,4.4
,Sep,7,3.6
,Oct,9,3.3
,Nov,11,3
,Dec,12,4.3
1999,Jan,14,3.8
,Feb,14,3.8
,Mar,14,4.8
,Apr,12,4.7
,May,11,5.7
,Jun,8,5.9
,Jul,4,7.5
,Aug,1,5.3
,Sep,2,5.3
,Oct,1,5.3
,Nov,0,5.8
,Dec,0,5
2000,Jan,-2,-17.5
2000,Feb,-1.7,-15.8
,Mar,-1,-15.7
,Apr,0,-14.1
,May,2,-13.6
,Jun,6,-13
,Jul,7,-13
,Aug,13,-12.1
,Sep,16,-13.2
,Oct,17.1,-13.5
,Nov,15.4,-14.2
,Dec,14.5,-14.1
2001,Jan,17.6,12.2
,Feb,18.6,13.8
,Mar,18.2,16.3
,Apr,23.2,26.7
,May,23,30.2
,Jun,16.1,30.5
,Jul,19,33
,Aug,18.7,33.9
,Sep,19.1,39.5
,Oct,19.3,37.1
,Nov,17.4,31.5
,Dec,16.5,28.9
2002,Jan,18.6,29.3
,Feb,18,27.8
,Mar,17.4,25
,Apr,12.8,14.8
,May,10.2,11.1
,June,12.2,10.3
,July,15.6,15.1
,Aug,12.3,10.5
,Sep,10,5.7
,Oct,5.4,0.7
,Nov,12.2,7.3
,Dec,12.2,9.1
2003,Jan,10.6,7.5
,Feb,7.3,3.5
,Mar,5.9,0.1
,Apr,8.3,3.3
,May,8.7,3.3
,June,14,6.2
,Jul,12.9,0.1
,Aug,12.4,0.9
,Sep,18.4,6.2
,Oct,23.6,13.2
,Nov,21.3,12.4
,Dec,23.8,15.4
2004,Jan,22.4,11.9
,Feb,24.8,14.5
,Mar,22.5,15.6
,Apr,17.5,14.4
,May,19.8,18.1
,June,14.1,14.5
,July,10.7,12.2
,Aug,13,16.3
,Sep,9.1,14.6
,Oct,10.7,15.4
,Nov,10,15.1
,Dec,10,12.1
2005,Jan,9.8,15.1
,Feb,10.9,18.7
,Mar,16.3,25
,Apr,17.9,20.3
,May,16.8,15.7
,Jun,18.6,18
,Jul,26.1,35.7
,Aug,28.2,38.5
,Sep,24.3,29.5
,Oct,18.6,24.6
,Nov,15.1,19.7
,Dec,11.6,15.5
2006,Jan,10.7,14.7
,Feb,10.8,10.5
,Mar,12,9.3
,Apr,12.6,9.6
,May,10.5,8.6
,Jun,8.5,6.2
,Jul,3,-3.7
,Aug,3.7,-2.3
,Sep,6.3,4.3
,Oct,6.1,4.7
,Nov,7.8,5.4
,Dec,8.5,3.9
2007,Jan,8,-0.1
,Feb,7.1,3.3
,Mar,5.2,1.7
,Apr,4.2,2.1
,May,4.6,2.4
,Jun,6.4,3.2
,Jul,4.8,1.1
,Aug,4.2,-1.2
,Sep,4.1,-0.8
,Oct,4.6,-0.1
,Nov,5.2,3.2
,Dec,6.6,8.2
2008,Jan,8.6,12.6
,Feb,8,8.7
,Mar,7.8,12.4
,Apr,8.2,13.1
,May,9.7,14.7
,Jun,12,18.1
,Jul,14,20.9
,Aug,12.4,18.8
,Sep,13,17.1
,Oct,14.7,19.2
,Nov,14.8,18.1
,Dec,15.1,18
2009,Jan,14,18.4
,Feb,14.6,20
,Mar,14.4,16.2
,Apr,13.3,15.3
,May,13.2,15.7
,June,11.2,13.1
,July,11.1,12.9
,Aug,11,12.7
,Sep,10.4,12.5
,Oct,11.6,13.5
,Nov,12.4,13.5
,Dec,13.9,15.5
2010,Jan,14.4,15.9
,Feb,15.6,16.2
,Mar,14.8,15.8
,Apr,15,16.3
,May,12.9,13
,Jun,14.1,15.1
,Jul,13,14
,Aug,13.7,15.1
,Sep,13.6,14.6
,Oct,13.4,14.1
,Nov,12.8,14.4
,Dec,11.8,12.7
2011,Jan,12.1,10.3
,Feb,11.1,12.2
,Mar,12.8,12.2
,Apr,11.3,11.6
,May,12.4,12.2
,Jun,10.2,9.2
,Jul,9.4,7.9
,Aug,9.3,8.7
,Sep,10.3,9.5
,Oct,10.5,9.7
,Nov,10.5,9.6
,Dec,10.3,11
2012,Jan,12.6,13.1
,Feb,11.9,9.7
,Mar,12.1,11.8
,Apr,12.9,11.2
,May,12.7,12.9
,Jun,12.9,12
,Jul,12.8,12.1
,Aug,11.7,9.9
,Sep,11.3,10.2
,Oct,11.7,11.1
,Nov,12.3,11.6
,Dec,12,10.2
2013,Jan,9,10.1
,Feb,9.5,11
,Mar,8.6,9.5
,Apr,9.1,10
,May,9,9.3
,Jun,8.4,9.6
,Jul,8.7,10
,Aug,8.2,9.7
,Sep,8,9.4
,Oct,7.8,9.2
,Nov,7.9,9.31
,Dec,8,9.25
2014,Jan,8,9.27
,Feb,7.7,9.2
,Mar,7.8,9.3
,Apr,7.9,9.4
,May,8,9.7
,Jun,8.2,9.8
,Jul,8.3,9.9
,Aug,8.5,9.96
,Sep,8.3,9.68
,Oct,8.1,9.34
,Nov,7.9,9.14
,Dec,8,9.15
2015,Jan,8.2,9.21
,Feb,8.4,9.36
,Mar,8.5,9.38
,Apr,8.7,9.49
,May,9,9.78
,Jun,9.2,10.04
,Jul,9.2,10.05
,Aug,9.3,10.13
,Sep,9.4,10.17
,Oct,9.3,10.13
,Nov,9.37,10.32
,Dec,9.55,10.59
2016,Jan,9.62,10.64
,Feb,11.38,11.35
,Mar,12.77,12.74
,Apr,13.72,13.19
,May,15.58,14.86
,Jun,16.48,15.3
,Jul,17.13,15.8
,Aug,17.61,16.43
,Sep,17.85,16.62
,Oct,18.33,17.09
,Nov,18.48,17.19
,Dec,18.55,17.39
2017,Jan,18.72,17.82
,Feb,17.78,18.53
,Mar,17.26,18.44
,Apr,17.24,19.3
,May,16.25,19.27
,Jun,16.1,19.91
,Jul,16.05,20.28
,Aug,16.01,20.25
,Sep,15.98,20.32
,Oct,15.91,20.31
,Nov,15.9,20.31
,Dec,15.37,19.42
2018,Jan,15.13,18.92
,Feb,14.33,17.59
,Mar,13.34,16.08
,Apr,12.48,14.8
,May,11.61,13.45
,June,11.23,12.98
,July,11.14,12.85
,August,11.23,13.16
,September,11.28,13.31
,October,11.26,13.28
,November,11.28,13.3
,December,11.44,13.56
2019,January,11.37,13.51
,February,11.31,13.47
,March,11.25,13.45
,April,11.37,13.7
,May,11.4,13.79
,June,11.22,13.56
,July,11.08,13.39
,August,11.02,13.17
,September,11.24,13.51
,October,11.61,14.09
,November,11.85,14.48
,December,11.98,14.67
2020,January,12.13,14.85
2020,February,12.2,14.9
2020,March,12.26,14.98
2020,April,12.34,15.03
2020,May,12.4,15.04
2020,June,12.56,15.18
2020,July,12.82,15.48
2020,August,13.22,16
2020,September,13.71,16.66
2020,October,14.23,17.38
2020,November,14.89,18.3
2020,December,15.75,19.56
2021,January,16.47,20.57
2021,February,17.33,21.79
2021,March,18.17,22.95
2021,April,18.12,22.72
2021,May,17.93,22.28
2021,June,17.75,21.83
2021,July,17.38,21.03
2021,August,17.01,20.3
2021,September,16.63,19.57
2021,October,15.99,18.34
2021,November,15.4,17.21
2021,December,15.63,17.37
2022,January,15.6,17.13
2022,February,15.7,17.11
2022,March,15.92,17.2
2022,April,16.82,18.37
2022,May,17.71,19.5
2022,June,18.6,20.6
2022,July,19.64,22.02
2022,August,20.52,23.12
2022,September,20.77,23.34
2022,October,21.09,23.72
2022,November,21.47,24.13
2022,December,21.34,23.75
2023,January,21.82,24.32
2023,February,21.91,24.35
2023,March,22.04,24.45
2023,April,22.22,24.61
2023,May,22.41,24.82
2023,June,22.79,25.25
2023,July,24.08,26.98
2023,August,25.8,29.34
2023,September,26.72,30.64
2023,October,27.33,31.52
2023,November,28.2,32.84
2023,December,28.92,33.93
2023,January,29.9,35.41
2023,February,29.91,37.92
2023,March,33.2,40.01
2023,April,33.69,40.53
2023,May,33.95,40.66
2023,June,34.19,40.87
2023,July,33.4,39.53
2023,August,32.15,37.52
2023,September,32.7,37.77
2023,October,33.88,39.16
