Sector,Total,Personnel,Overhead,Capital,Pct,Category
Debt Service & Sinking Fund,15.91,,,,27.21,Non-Developmental
Capital Expenditure,23.21,,,,39.70,Capital
Recurrent Non-Debt,15.25,,,,26.08,Recurrent
Statutory Transfers,4.09,,,,7.01,Statutory
Security & Defence,6.69,4.42,0.58,0.85,11.44,Security
Infrastructure,5.71,,,,9.77,Capital
Education,2.56,1.68,0.13,0.59,4.38,Social
Health,2.46,1.17,0.05,0.92,4.20,Social
Agriculture,1.47,,,,2.52,Economic
Science & Technology,0.84,,,,1.43,Capital
Women Affairs,0.15,,,,0.26,Social
Digital Economy,0.08,,,,0.14,Economic
Industry Trade & Investment,0.09,,,,0.15,Economic
Solid Minerals,0.16,,,,0.27,Economic
