,,Q2_2021,Q3_2021,Q4_2021,Q1_2022,Q2_2022,Q3_2022,Q4_2022,Q1_2023,Q2_2023,Q3_2023,Q4_2023,Q1_2024,Q2_2024,,,
,Debt Category,Amount Outstanding (US$’M),Amount Outstanding (US$’M),Amount Outstanding (US$’M),Amount Outstanding (US$’M),Amount Outstanding (US$’M),Amount Outstanding (US$’M),Amount Outstanding (US$’M),Amount Outstanding (US$’M),Amount Outstanding (US$’M),Amount Outstanding (US$’M),Amount Outstanding (US$’M),Amount Outstanding (US$’M),Amount Outstanding (US$’M),,,
A.,Total External Debt,"33,468.92","37,955.09","33,391.32","39,969.19","40,064.78","39,661.72","41,694.91","42,671.70","43,159.19","41,590.00","42,495.16","42,115.54","42,901.01",,,
B.,Total Domestic Debt ,"53,102.88","54,671.32","57,388.32","60,100.70","63,248.02","62,251.71","61,415.93","65,623.48","70,264.58","72,760.00","65,734.18","49,348.45","48,446.08",,,
C.,Total Public Debt(A+B),"86,571.80","92,626.41","95,779.64","100,069.89","103,312.80","101,913.43","103,110.84","108,295.18","113,423.77","114,350.00","108,229.34","91,463.99","91,347.09",,,
,,,,,,,,,,,,,,,,,
,,,,,,,,,,,,,,,,,
,,,,,,,,,,,,,,,,,
,,,,,,,,,,,,,,,,,
,,,,,,,,,,,,,,,,,
,,,,,,,,,,,,,,,,,
,,,,,,,,,,,,,,,,,
,,,,,,,,,,,,,,,,,
,,,,,,,,,,,,,,,,,
,,,,,,,,,,,,,,,,,
,,,,,,,,,,,,,,,,,
,,,,,,,,,,,,,,,,,
,,,,,,,,,,,,,,,,,
,,,,,,,,,,,,,,,,,
,,,,,,,,,,,,,,,,,
,,,,,,,,,,,,,,,,,
,,,,,,,,,,,,,,,,,
